Label,Count
,4592
Zosterops lateralis_Silvereye,210
Zoothera lunulata_Bassian Thrush,108
Zapornia tabuensis_Spotless Crake,128
Zapornia pusilla_Baillon's Crake,126
Zanda funerea_Yellow-tailed Black-Cockatoo,317
Yoyetta repetens_Zipping Ambertail,144
Yoyetta humphreyae_Varied Ambertail,50
Yoyetta cumberlandi_Cumberland Ambertail,143
Yoyetta celis_Silver Princess,188
Xeropsalta thomsoni_Thomson River Grass-shaker,350
Vulpes vulpes_Red Fox,143
Vanellus tricolor_Banded Lapwing,295
Vanellus miles_Masked Lapwing,225
Uperoleia rugosa_Wrinkled Toadlet,70
Tyto tenebricosa_Sooty Owl,269
Tyto novaehollandiae_Australian Masked-Owl,163
Tyto longimembris_Australasian Grass-Owl,244
Tyto javanica_Eastern Barn Owl,192
Turnix velox_Little Buttonquail,286
Turnix varius_Painted Buttonquail,166
Turnix maculosus_Red-backed Buttonquail,119
Turdus merula_Common Blackbird,184
Tringa stagnatilis_Marsh Sandpiper,100
Tringa nebularia_Common Greenshank,106
Trichosurus vulpecula_Common Brushtail Possum,328
Trichoglossus moluccanus_Rainbow Lorikeet,193
Trichoglossus concinnus_Musk Lorikeet,348
Trichoglossus chlorolepidotus_Scaly-breasted Lorikeet,191
Tribonyx ventralis_Black-tailed Nativehen,62
Todiramphus sanctus_Sacred Kingfisher,302
Todiramphus pyrrhopygius_Red-backed Kingfisher,223
Threskiornis spinicollis_Straw-necked Ibis,109
Threskiornis molucca_Australian White Ibis,176
Thopha saccata_Eastern Double Drummer,302
Thinornis melanops_Black-fronted Dotterel,283
Telmapsalta hackeri_Paperbark Cicada,154
Teleogryllus commodus_Black Field Cricket,282
Tamasa tristigma_Brown Bunyip,104
Taeniopygia guttata_Zebra Finch,320
Tadorna tadornoides_Australian Shelduck,96
Tachyspiza novaehollandiae_Grey Goshawk,121
Tachyspiza fasciata_Brown Goshawk,161
Tachyspiza cirrocephala_Collared Sparrowhawk,132
Tachybaptus novaehollandiae_Australasian Grebe,138
Synoicus ypsilophorus_Brown Quail,265
Synoicus chinensis_King Quail,78
Sugomel nigrum_Black Honeyeater,120
Sturnus vulgaris_Common Starling,152
Struthidea cinerea_Apostlebird,257
Strepera versicolor_Grey Currawong,92
Strepera graculina_Pied Currawong,289
Stizoptera bichenovii_Double-barred Finch,130
Stagonopleura guttata_Diamond Firetail,87
Spilopelia chinensis_Spotted Dove,156
Sphecotheres vieilloti_Australasian Figbird,233
Spatula rhynchotis_Australasian Shoveler,70
Smicrornis brevirostris_Weebill,200
Sericulus chrysocephalus_Regent Bowerbird,150
Sericornis magnirostra_Large-billed Scrubwren,94
Sericornis frontalis_White-browed Scrubwren,350
Scythrops novaehollandiae_Channel-billed Cuckoo,212
Rhipidura rufifrons_Australian Rufous Fantail,151
Rhipidura leucophrys_Willie-wagtail,270
Rhipidura albiscapa_Grey Fantail,325
Recurvirostra novaehollandiae_Red-necked Avocet,145
Pyrrholaemus sagittatus_Speckled Warbler,147
Pyrrholaemus brunneus_Redthroat,167
Pycnoptilus floccosus_Pilotbird,127
Pycnonotus jocosus_Red-whiskered Bulbul,172
Purnella albifrons_White-fronted Honeyeater,149
Ptilotula plumula_Grey-fronted Honeyeater,144
Ptilotula penicillata_White-plumed Honeyeater,350
Ptilotula ornata_Yellow-plumed Honeyeater,135
Ptilotula fusca_Fuscous Honeyeater,156
Ptilonorhynchus violaceus_Satin Bowerbird,208
Ptilinopus regina_Rose-crowned Fruit-Dove,88
Pteropus scapulatus_Little Red Flying-fox,202
Pteropus poliocephalus_Grey-headed Flying-fox,321
Psophodes olivaceus_Eastern Whipbird,233
Psophodes cristatus_Chirruping Wedgebill,354
Psitteuteles pusillus_Little Lorikeet,159
Pseudorhynchus mimeticus_Mimicking Snout-nose,201
Pseudorhynchus lessonii_Lesson's Mimicking Snout-nose,196
Pseudophryne coriacea_Red-backed Toadlet,227
Pseudophryne bibronii_Bibron's Toadlet,66
Pseudophryne australis_Red-crowned Toadlet,86
Pseudocheirus peregrinus_Common Ring-tailed Possum,115
Psephotus haematonotus_Red-rumped Parrot,211
Psephotellus varius_Mulga Parrot,107
Psaltoda plaga_Black Prince,318
Psaltoda pictibasis_Black Friday,122
Psaltoda mossi_Little Baron,112
Psaltoda moerens_Redeye Cicada,227
Psaltoda harrisii_Yellowbelly,120
Porzana fluminea_Australian Spotted Crake,176
Porphyrio melanotus_Australasian Swamphen,152
Popplepsalta notialis_Southern Red-eyed Squeaker,79
Popplepsalta aeroides_Blue-banded Scratcher,98
Poodytes gramineus_Little Grassbird,112
Pomatostomus temporalis_Grey-crowned Babbler,130
Pomatostomus superciliosus_White-browed Babbler,99
Pomatostomus ruficeps_Chestnut-crowned Babbler,117
Polytelis swainsonii_Superb Parrot,276
Poliocephalus poliocephalus_Hoary-headed Grebe,60
Podiceps cristatus_Great Crested Grebe,88
Podargus strigoides_Tawny Frogmouth,215
Plegadis falcinellus_Glossy Ibis,139
Plectorhyncha lanceolata_Striped Honeyeater,122
Platyplectrum ornatum_Ornate Burrowing Frog,91
Platycercus eximius_Eastern Rosella,312
Platycercus elegans_Crimson Rosella,219
Platalea regia_Royal Spoonbill,166
Platalea flavipes_Yellow-billed Spoonbill,36
Pitta versicolor_Noisy Pitta,245
Phylidonyris novaehollandiae_New Holland Honeyeater,142
Phylidonyris niger_White-cheeked Honeyeater,154
Philemon corniculatus_Noisy Friarbird,259
Philemon citreogularis_Little Friarbird,179
Phascolarctos cinereus_Koala,236
Phaps histrionica_Flock Bronzewing,110
Phaps elegans_Brush Bronzewing,235
Phaps chalcoptera_Common Bronzewing,319
Phalacrocorax varius_Pied Cormorant,108
Phalacrocorax sulcirostris_Little Black Cormorant,79
Phalacrocorax carbo_Great Cormorant,151
Pezoporus wallicus_Ground Parrot,181
Petroica rosea_Rose Robin,145
Petroica phoenicea_Flame Robin,107
Petroica goodenovii_Red-capped Robin,231
Petroica boodang_Scarlet Robin,117
Petrochelidon nigricans_Tree Martin,267
Petrochelidon ariel_Fairy Martin,123
Petaurus breviceps_Sugar Glider,208
Peltohyas australis_Inland Dotterel,118
Pelecanus conspicillatus_Australian Pelican,79
Pedionomus torquatus_Plains Wanderer,133
Pauropsalta mneme_Alarm Clock Squawker,191
Pauropsalta castanea_Flinders Squawker,257
Passer domesticus_House Sparrow,170
Pardalotus striatus_Striated Pardalote,332
Pardalotus rubricatus_Red-browed Pardalote,171
Pardalotus punctatus_Spotted Pardalote,260
Paradina sp_Waltzing Matilda,142
Paracrinia haswelli_Haswell's Froglet,49
Pandion haliaetus_Osprey,106
Palapsalta circumdata_Bronze Tree-Buzzer,108
Pachycephala rufiventris_Rufous Whistler,294
Pachycephala pectoralis_Golden Whistler,276
Pachycephala inornata_Gilberts Whistler,114
Ovis aries_Sheep,276
Orthonyx temminckii_Australian Logrunner,149
Oriolus sagittatus_Olive-backed Oriole,292
Origma solitaria_Rockwarbler,100
Oreoica gutturalis_Crested Bellbird,117
Oecanthus angustus_Common Tree Cricket,105
Ocyphaps lophotes_Crested Pigeon,249
Nymphicus hollandicus_Cockatiel,176
Nycticorax caledonicus_Nankeen Night Heron,43
Numenius minutus_Little Curlew,47
Notaden bennettii_Crucifix Frog,76
Northiella haematogaster_Greater Bluebonnet,174
Ninox strenua_Powerful Owl,298
Ninox connivens_Barking Owl,324
Ninox boobook_Australian Boobook,307
Nesoptilotis leucotis_White-eared Honeyeater,116
Neosericornis citreogularis_Yellow-throated Scrubwren,171
Neopsephotus bourkii_Bourke's Parrot,155
Neophema pulchella_Turquoise Parrot,93
Neophema chrysostoma_Blue-winged Parrot,149
Neochmia temporalis_Red-browed Finch,254
Neobatrachus sudellae_Sudell's Frog,149
Neobatrachus pictus_Painted Frog,86
Myzomela sanguinolenta_Scarlet Honeyeater,240
Myopsalta mackinlayi_Fence Buzzer,81
Myiagra rubecula_Leaden Flycatcher,135
Myiagra inquieta_Restless Flycatcher,152
Myiagra cyanoleuca_Satin Flycatcher,120
Monarcha melanopsis_Black-faced Monarch,165
Mirafra javanica_Singing Bushlark,119
Milvus migrans_Black Kite,110
Microeca fascinans_Jacky Winter,199
Microcarbo melanoleucos_Little Pied Cormorant,122
Merops ornatus_Rainbow Bee-eater,207
Menura novaehollandiae_Superb Lyrebird,272
Menura alberti_Albert's Lyrebird,206
Melopsittacus undulatus_Budgerigar,305
Melithreptus lunatus_White-naped Honeyeater,147
Melithreptus gularis_Black-chinned Honeyeater,145
Melithreptus brevirostris_Brown-headed Honeyeater,160
Meliphaga lewinii_Lewin's Honeyeater,257
Melanodryas cucullata_Hooded Robin,137
Megaloprepia magnifica_Wompoo Fruit-Dove,183
Manorina melanophrys_Bell Miner,244
Manorina melanocephala_Noisy Miner,350
Manorina flavigula_Yellow-throated Miner,179
Malurus splendens_Spendid Fairywren,80
Malurus leucopterus_White-winged Fairywren,356
Malurus lamberti_Variegated Fairywren,123
Malurus cyaneus_Superb Fairywren,183
Malurus assimilis_Purple-backed Fairywren,144
Malacorhynchus membranaceus_Pink-eared Duck,143
Macropygia phasianella_Brown Cuckoo-Dove,285
Lophoictinia isura_Square-tailed Kite,58
Litoria verreauxii_Whistling Tree Frog,88
Litoria tyleri_Tyler's Tree Frog,115
Litoria rubella_Desert Tree Frog,231
Litoria revelata_Southern Whirring Tree Frog,102
Litoria quiritatus_Screaming Tree Frog,185
Litoria peronii_Peron's Tree Frog,241
Litoria lesueuri_Lesueur's Stony-creek Frog,38
Litoria latopalmata_Broad-palmed Rocket Frog,147
Litoria gracilenta_Dainty Tree Frog,161
Litoria freycineti_Wallum Rocket Frog,54
Litoria fallax_Eastern Dwarf Tree Frog,306
Litoria caerulea_Green Tree Frog,117
Limnodynastes tasmaniensis_Spotted Marsh Frog,121
Limnodynastes salmini_Salmon-striped Frog,101
Limnodynastes peronii_Striped Marsh Frog,174
Limnodynastes interioris_Giant Banjo Frog,84
Limnodynastes fletcheri_Barking Frog,89
Limnodynastes dumerilii_Eastern Banjo Frog,167
Limnodynastes dumerilii grayi_Scarlet-sided Banjo Frog,95
Lichmera indistincta_Brown Honeyeater,199
Lichenostomus melanops_Yellow-tufted Honeyeater,116
Lewinia pectoralis_Lewin's Rail,272
Leucosarcia melanoleuca_Wonga Pigeon,125
Lepidogryllus spp._Mottled Field Crickets,104
Leipoa ocellata_Malleefowl,46
Lathamus discolor_Swift Parrot,67
Lalage tricolor_White-winged Triller,204
Icthyophaga leucogaster_White-bellied Sea Eagle,196
Hylacola pyrrhopygia_Chestnut-rumped Heathwren,176
Hydroprogne caspia_Caspian Tern,80
Hirundo neoxena_Welcome Swallow,218
Hirundapus caudacutus_White-throated Needletail,156
Himantopus leucocephalus_Pied Stilt,164
Hieraaetus morphnoides_Little Eagle,152
Heteroscenes pallidus_Pallid Cuckoo,300
Henicopsaltria eydouxii_Razor Grinder,311
Haliastur sphenurus_Whistling Kite,152
Haemopsalta rubea_Red Squeaker,112
Gymnorhina tibicen_Australian Magpie,352
Gryllotalpa pluvialis_Chirping Mole Cricket,213
Gryllotalpa monanka_Dark Night Mole Cricket,64
Gryllotalpa australis_Southern Mole Cricket,171
Gryllodes sigillatus_Indian House Cricket,123
Grantiella picta_Painted Honeyeater,63
Grallina cyanoleuca_Magpie-lark,330
Glareola isabella_Australian Pratincole,135
Gerygone olivacea_White-throated Gerygone,174
Gerygone mouki_Brown Gerygone,348
Gerygone fusca_Western Gerygone,123
Geopelia placida_Peaceful Dove,341
Geopelia humeralis_Bar-shouldered Dove,262
Geopelia cuneata_Diamond Dove,218
Gelochelidon macrotarsa_Australian Tern,106
Gavicalis virescens_Singing Honeyeater,409
Gallirallus philippensis_Buff-banded Rail,209
Gallinula tenebrosa_Dusky Moorhen,97
Gallinago hardwickii_Latham's Snipe,82
Galanga labeculata_Double-spotted Cicada,48
Fulica atra_Eurasian Coot,113
Froggattina australis_Froggatt's Buzzer,155
Felis catus_Cat,86
Falcunculus frontatus_Eastern Shrike-tit,115
Falco subniger_Black Falcon,56
Falco peregrinus_Peregrine Falcon,148
Falco longipennis_Australian Hobby,104
Falco cenchroides_Nankeen Kestrel,299
Falco berigora_Brown Falcon,238
Eurystomus orientalis_Dollarbird,168
Eurostopodus mystacalis_White-throated Nightjar,237
Eurostopodus argus_Spotted Nightjar,189
Eurepa marginipennis_Mottled Bush Cricket,67
Eudynamys orientalis_Pacific Koel,289
Erythrogonys cinctus_Red-kneed Dotterel,49
Epthianura tricolor_Crimson Chat,205
Epthianura crocea_Yellow Chat,97
Epthianura aurifrons_Orange Chat,232
Epthianura albifrons_White-fronted Chat,124
Eopsaltria australis_Eastern Yellow Robin,350
Eolophus roseicapilla_Galah,355
Entomyzon cyanotis_Blue-faced Honeyeater,173
Emblema pictum_Painted Finch,145
Emblema modestum_Plum-headed Finch,136
Elephantodeta sp_Desert Leaf Katydid,145
Elanus scriptus_Letter-winged Kite,54
Elanus axillaris_Black-shouldered Kite,98
Egretta novaehollandiae_White-faced Heron,71
Egretta garzetta_Little Egret,100
Edolisoma tenuirostre_Sahul Cicadabird,140
Drymodes brunneopygia_Southern Scrub-Robin,90
Dromaius novaehollandiae_Emu,79
Diptera_Flies,283
Diemeniana euronotiana_Golden Twanger,77
Dicrurus bracteatus_Spangled Drongo,153
Dicaeum hirundinaceum_Mistletoebird,210
Dendrocygna eytoni_Plumed Whistling Duck,61
Dasyornis brachypterus_Eastern Bristlebird,168
Daphoenositta chrysoptera_Varied Sittella,135
Dacelo novaeguineae_Laughing Kookaburra,347
Cystosoma saundersii_Bladder Cicada,253
Cygnus atratus_Black Swan,214
Cyclorana platycephalus_Eastern Water-holding Frog,51
Cyclochila australasiae_Green Grocer,308
Crinia tinnula_Wallum Froglet,198
Crinia signifera_Common Eastern Froglet,306
Crinia parinsignifera_Eastern Sign-bearing Froglet,229
Crinia deserticola_Desert Froglet,166
Cracticus torquatus_Grey Butcherbird,295
Cracticus nigrogularis_Pied Butcherbird,378
Coturnix pectoralis_Stubble Quail,250
Corvus tasmanicus_Forest Raven,151
Corvus orru_Torresian Crow,125
Corvus mellori_Little Raven,342
Corvus coronoides_Australian Raven,355
Corvus bennetti_Little Crow,279
Cormobates leucophaea_White-throated Treecreeper,307
Corcorax melanorhamphos_White-winged Chough,219
Coracina papuensis_White-bellied Cuckooshrike,94
Coracina novaehollandiae_Black-faced Cuckooshrike,233
Coracina maxima_Ground Cuckooshrike,147
Conocephalus upoluensis_Greenish Meadow Katydid,103
Conocephalus albescens_Whitish Meadow Katydid,171
Columba livia_Rock Dove,197
Columba leucomela_White-headed Pigeon,130
Colluricincla megarhyncha_Little Shrikethrush,164
Colluricincla harmonica_Grey Shrikethrush,255
Clinopsalta autumna_Ferny Acacia Cicada,92
Climacteris picumnus_Brown Treecreeper,120
Climacteris erythrops_Red-browed Treecreeper,103
Cisticola exilis_Golden-headed Cisticola,191
Circus approximans_Swamp Harrier,131
Cinclosoma punctatum_Spotted Quail-thrush,121
Cinclosoma cinnamomeum_Cinnamon Quail-thrush,258
Cincloramphus timoriensis_Tawny Grassbird,145
Cincloramphus mathewsi_Rufous Songlark,216
Cincloramphus cruralis_Brown Songlark,350
Chroicocephalus novaehollandiae_Silver Gull,148
Chlidonias hybrida_Whiskered Tern,103
Cheramoeca leucosterna_White-backed Swallow,349
Chenonetta jubata_Australian Wood Duck,236
Chalcophaps longirostris_Pacific Emerald Dove,159
Chalcites osculans_Black-eared Cuckoo,123
Chalcites lucidus_Shining Bronze-Cuckoo,195
Chalcites basalis_Horsfield's Bronze-Cuckoo,253
Ceyx azureus_Azure Kingfisher,134
Certhionyx variegatus_Pied Honeyeater,155
Centropus phasianinus_Pheasant Coucal,235
Carduelis carduelis_European Goldfinch,101
Capra hircus_Goat,305
Canis lupus dingo_Dingo,312
Canis lupis familiaris_Domestic Dog,284
Calyptorhynchus lathami_Glossy Black-Cockatoo,187
Calyptorhynchus banksii_Red-tailed Black-Cockatoo,194
Callocephalon fimbriatum_Gang-gang Cockatoo,110
Caligavis chrysops_Yellow-faced Honeyeater,142
Calidris ruficollis_Red-necked Stint,100
Calidris ferruginea_Curlew Sandpiper,99
Calidris acuminata_Sharp-tailed Sandpiper,54
Calamanthus campestris_Rufous Fieldwren,115
Cacomantis variolosus_Sahul Brush Cuckoo,172
Cacomantis flabelliformis_Fan-tailed Cuckoo,337
Cacatua tenuirostris_Long-billed Corella,120
Cacatua sanguinea_Little Corella,350
Cacatua leadbeateri_Pink Cockatoo,168
Cacatua galerita_Sulphur-crested Cockatoo,292
Burhinus grallarius_Bush Thick-knee,70
Burbunga hillieri_Desert Screamer,54
Botaurus dubius_Australian Little Bittern,92
Bos taurus_Cattle,184
Biziura lobata_Musk Duck,135
Birrima castanea_Red Tree-ticker,68
Barnardius zonarius_Australian Ringneck,206
Aythya australis_Hardhead,81
Aviceda subcristata_Pacific Baza,78
Austrosalomona falcata_Olive-green Coastal Katydid,87
Austronomus australis_White-striped Free-tailed Bat,207
Atrapsalta encaustica_Black Squeaker,148
Atrapsalta corticina_Bark Squeaker,189
Atrapsalta collina_Sandstone Squeaker,118
Ashbyia lovensis_Gibberbird,33
Arunta perulata_White Drummer,293
Artamus superciliosus_White-browed Woodswallow,278
Artamus personatus_Masked Woodswallow,169
Artamus minor_Little Woodswallow,97
Artamus leucorynchus_White-breasted Woodswallow,111
Artamus cyanopterus_Dusky Woodswallow,165
Artamus cinereus_Black-faced Woodswallow,126
Ardea plumifera_Plumed Egret,100
Ardea pacifica_White-necked Heron,66
Ardea coromanda_Eastern Cattle Egret,73
Ardea alba_Great Egret,76
Aquila audax_Wedge-tailed Eagle,124
Apus pacificus_Pacific Swift,100
Aprosmictus erythropterus_Red-winged Parrot,65
Aphelocephala nigricincta_Banded Whiteface,146
Aphelocephala leucopsis_Southern Whiteface,172
Antigone rubicunda_Brolga,98
Anthus novaeseelandiae_Australian Pipit,349
Anthochaera phrygia_Regent Honeyeater,268
Anthochaera chrysoptera_Little Wattlebird,199
Anthochaera carunculata_Red Wattlebird,207
Anseranas semipalmata_Magpie Goose,100
Anhinga novaehollandiae_Australasian Darter,77
Anas superciliosa_Pacific Black Duck,132
Anas gracilis_Grey Teal,177
Anas castanea_Chestnut Teal,47
Anarhynchus ruficapillus_Red-capped Plover,63
Amytornis modestus_Thick-billed Grasswren,287
Amytornis goyderi_Eyrean Grasswren,214
Amytornis barbatus_Grey Grasswren,137
Alisterus scapularis_Australian King-Parrot,180
Aleeta curvicosta_Floury Baker,241
Alauda arvensis_Eurasian Skylark,115
Ailuroedus crassirostris_Green Catbird,232
Aegotheles cristatus_Australian Owlet Nightjar,234
Adelotus brevis_Tusked Frog,111
Actitis hypoleucos_Common Sandpiper,100
Acrocephalus australis_Australian Reed Warbler,254
Acridotheres tristis_Common Myna,156
Acanthorhynchus tenuirostris_Eastern Spinebill,212
Acanthiza uropygialis_Chestnut-rumped Thornbill,133
Acanthiza reguloides_Buff-rumped Thornbill,272
Acanthiza pusilla_Brown Thornbill,264
Acanthiza nana_Yellow Thornbill,198
Acanthiza lineata_Striated Thornbill,235
Acanthiza chrysorrhoa_Yellow-rumped Thornbill,254
Acanthiza apicalis_Inland Thornbill,136
Acanthagenys rufogularis_Spiny-cheeked Honeyeater,298
